{"cameraMode":{"drawMode":0,"name":"Shaded","section":"Shading Mode"},"sceneLighting":false,"audioPlay":false,"sceneViewState":{"showFog":true,"showMaterialUpdate":false,"showSkybox":false,"showFlares":true,"showImageEffects":false,"showParticleSystems":true},"in2DMode":false,"pivot":{"x":3.8807826042175295,"y":0.5113421678543091,"z":2.3280768394470217},"rotation":{"x":-0.027010830119252206,"y":0.9306910037994385,"z":-0.07022276520729065,"w":-0.35798507928848269},"size":2.8578836917877199,"orthographic":false}