{"cameraMode":{"drawMode":0,"name":"Shaded","section":"Shading Mode"},"sceneLighting":false,"audioPlay":false,"sceneViewState":{"showFog":true,"showMaterialUpdate":false,"showSkybox":false,"showFlares":true,"showImageEffects":false,"showParticleSystems":true},"in2DMode":false,"pivot":{"x":3.8807826042175295,"y":0.5113421678543091,"z":2.3280768394470217},"rotation":{"x":-0.050839558243751529,"y":0.9279391765594482,"z":-0.13769152760505677,"w":-0.342619389295578},"size":2.8578836917877199,"orthographic":false}