{"cameraMode":{"drawMode":0,"name":"Shaded","section":"Shading Mode"},"sceneLighting":false,"audioPlay":false,"sceneViewState":{"showFog":true,"showMaterialUpdate":false,"showSkybox":false,"showFlares":true,"showImageEffects":false,"showParticleSystems":true},"in2DMode":false,"pivot":{"x":-0.8789398670196533,"y":0.36255180835723879,"z":-2.9536468982696535},"rotation":{"x":-0.027010830119252206,"y":0.9306910037994385,"z":-0.07022276520729065,"w":-0.35798507928848269},"size":5.257884502410889,"orthographic":false}