{"cameraMode":{"drawMode":0,"name":"Shaded","section":"Shading Mode"},"sceneLighting":false,"audioPlay":false,"sceneViewState":{"showFog":true,"showMaterialUpdate":false,"showSkybox":false,"showFlares":true,"showImageEffects":false,"showParticleSystems":true},"in2DMode":false,"pivot":{"x":3.8807826042175295,"y":0.5113421678543091,"z":2.3280768394470217},"rotation":{"x":-0.010520311072468758,"y":0.9888694882392883,"z":-0.12105267494916916,"w":-0.08594963699579239},"size":9.334493637084961,"orthographic":false}