{"cameraMode":{"drawMode":0,"name":"Shaded","section":"Shading Mode"},"sceneLighting":false,"audioPlay":false,"sceneViewState":{"showFog":true,"showMaterialUpdate":false,"showSkybox":false,"showFlares":true,"showImageEffects":true,"showParticleSystems":true},"in2DMode":false,"pivot":{"x":0.1145164966583252,"y":-0.9581271409988403,"z":0.014089196920394898},"rotation":{"x":0.00023559173860121518,"y":0.9876222610473633,"z":-0.15684956312179566,"w":0.0014814864844083787},"size":5.879794120788574,"orthographic":false}