{"cameraMode":{"drawMode":0,"name":"Shaded","section":"Shading Mode"},"sceneLighting":false,"audioPlay":false,"sceneViewState":{"showFog":true,"showMaterialUpdate":false,"showSkybox":false,"showFlares":true,"showImageEffects":true,"showParticleSystems":true},"in2DMode":false,"pivot":{"x":0.19620078802108766,"y":2.644155979156494,"z":-0.10596984624862671},"rotation":{"x":-0.000008481153599859681,"y":0.676590621471405,"z":0.000010618360647640657,"w":-0.7363753318786621},"size":12.249530792236329,"orthographic":false}