{"cameraMode":{"drawMode":0,"name":"Shaded","section":"Shading Mode"},"sceneLighting":false,"audioPlay":false,"sceneViewState":{"showFog":true,"showMaterialUpdate":false,"showSkybox":false,"showFlares":true,"showImageEffects":true,"showParticleSystems":true},"in2DMode":false,"pivot":{"x":5.485884666442871,"y":2.0494601726531984,"z":1.4301116466522217},"rotation":{"x":-0.000008481153599859681,"y":0.676590621471405,"z":0.000010618360647640657,"w":-0.7363753318786621},"size":9.05427360534668,"orthographic":false}