{"cameraMode":{"drawMode":0,"name":"Shaded","section":"Shading Mode"},"sceneLighting":false,"audioPlay":false,"sceneViewState":{"showFog":true,"showMaterialUpdate":false,"showSkybox":false,"showFlares":true,"showImageEffects":false,"showParticleSystems":true},"in2DMode":false,"pivot":{"x":-0.37645530700683596,"y":7.194256782531738,"z":-0.5037970542907715},"rotation":{"x":0.06657761335372925,"y":-0.6432995200157166,"z":0.05631468817591667,"w":0.760651707649231},"size":35.821102142333987,"orthographic":false}