{"cameraMode":{"drawMode":0,"name":"Shaded","section":"Shading Mode"},"sceneLighting":false,"audioPlay":false,"sceneViewState":{"showFog":true,"showMaterialUpdate":false,"showSkybox":false,"showFlares":true,"showImageEffects":false,"showParticleSystems":true},"in2DMode":false,"pivot":{"x":54.60572814941406,"y":1.8799998760223389,"z":7.902461051940918},"rotation":{"x":0.045585986226797107,"y":-0.8959938287734985,"z":0.09471879154443741,"w":0.4314814805984497},"size":41.34880447387695,"orthographic":false}