{"cameraMode":{"drawMode":0,"name":"Shaded","section":"Shading Mode"},"sceneLighting":false,"audioPlay":false,"sceneViewState":{"showFog":true,"showMaterialUpdate":false,"showSkybox":false,"showFlares":true,"showImageEffects":false,"showParticleSystems":true},"in2DMode":false,"pivot":{"x":-27.311447143554689,"y":-7.525012016296387,"z":-23.79312515258789},"rotation":{"x":0.045585986226797107,"y":-0.8959938287734985,"z":0.09471879154443741,"w":0.4314814805984497},"size":53.56808853149414,"orthographic":false}