{"cameraMode":{"drawMode":0,"name":"Shaded","section":"Shading Mode"},"sceneLighting":false,"audioPlay":false,"sceneViewState":{"showFog":true,"showMaterialUpdate":false,"showSkybox":false,"showFlares":true,"showImageEffects":false,"showParticleSystems":true},"in2DMode":false,"pivot":{"x":0.10674798488616944,"y":0.10327249020338059,"z":0.014089226722717286},"rotation":{"x":0.01007474772632122,"y":-0.9791262745857239,"z":0.1967584490776062,"w":0.050269342958927158},"size":1.6670660972595215,"orthographic":false}