{"cameraMode":{"drawMode":0,"name":"Shaded","section":"Shading Mode"},"sceneLighting":false,"audioPlay":false,"sceneViewState":{"showFog":true,"showMaterialUpdate":false,"showSkybox":false,"showFlares":true,"showImageEffects":false,"showParticleSystems":true},"in2DMode":false,"pivot":{"x":-27.311447143554689,"y":-7.525012016296387,"z":-23.79312515258789},"rotation":{"x":0.06328926980495453,"y":-0.9365094304084778,"z":0.23396745324134828,"w":0.25344598293304446},"size":17.727615356445314,"orthographic":false}