{"cameraMode":{"drawMode":0,"name":"Shaded","section":"Shading Mode"},"sceneLighting":true,"audioPlay":false,"sceneViewState":{"showFog":true,"showMaterialUpdate":false,"showSkybox":true,"showFlares":true,"showImageEffects":true,"showParticleSystems":true},"in2DMode":false,"pivot":{"x":-5.44999885559082,"y":2.6100001335144045,"z":-2.549999237060547},"rotation":{"x":-0.021887769922614099,"y":0.8299117088317871,"z":-0.03264036774635315,"w":-0.5565134286880493},"size":13.556897163391114,"orthographic":false}