{"cameraMode":{"drawMode":0,"name":"Shaded","section":"Shading Mode"},"sceneLighting":true,"audioPlay":false,"sceneViewState":{"showFog":true,"showMaterialUpdate":false,"showSkybox":true,"showFlares":true,"showImageEffects":true,"showParticleSystems":true},"in2DMode":false,"pivot":{"x":1.482761025428772,"y":0.9515931010246277,"z":0.18358489871025086},"rotation":{"x":-0.29044705629348757,"y":0.6739741563796997,"z":-0.3295808434486389,"w":-0.5939726829528809},"size":22.0,"orthographic":false}