{"cameraMode":{"drawMode":0,"name":"Shaded","section":"Shading Mode"},"sceneLighting":true,"audioPlay":false,"sceneViewState":{"showFog":true,"showMaterialUpdate":false,"showSkybox":true,"showFlares":true,"showImageEffects":true,"showParticleSystems":true},"in2DMode":false,"pivot":{"x":-5.44999885559082,"y":2.6100001335144045,"z":-2.549999237060547},"rotation":{"x":-0.1158883199095726,"y":0.866698682308197,"z":-0.2373577058315277,"w":-0.4231615960597992},"size":13.556897163391114,"orthographic":false}