{"cameraMode":{"drawMode":0,"name":"Shaded","section":"Shading Mode"},"sceneLighting":false,"audioPlay":false,"sceneViewState":{"showFog":true,"showMaterialUpdate":false,"showSkybox":false,"showFlares":true,"showImageEffects":true,"showParticleSystems":true},"in2DMode":false,"pivot":{"x":0.19620078802108766,"y":2.644155979156494,"z":-0.10596984624862671},"rotation":{"x":0.15609793365001679,"y":0.3923451602458954,"z":-0.0677565336227417,"w":0.903947651386261},"size":12.249530792236329,"orthographic":true}