{"cameraMode":{"drawMode":0,"name":"Shaded","section":"Shading Mode"},"sceneLighting":false,"audioPlay":false,"sceneViewState":{"showFog":true,"showMaterialUpdate":false,"showSkybox":false,"showFlares":true,"showImageEffects":true,"showParticleSystems":true},"in2DMode":false,"pivot":{"x":0.0019930899143218996,"y":0.08344101905822754,"z":-0.017825275659561158},"rotation":{"x":-0.0978645458817482,"y":-0.28454360365867617,"z":0.029216092079877855,"w":-0.9532143473625183},"size":11.56334400177002,"orthographic":false}