{"cameraMode":{"drawMode":0,"name":"Shaded","section":"Shading Mode"},"sceneLighting":true,"audioPlay":false,"sceneViewState":{"showFog":true,"showMaterialUpdate":false,"showSkybox":true,"showFlares":true,"showImageEffects":true,"showParticleSystems":true},"in2DMode":false,"pivot":{"x":-1.9199999570846558,"y":0.15264606475830079,"z":0.1882096529006958},"rotation":{"x":-0.29044705629348757,"y":0.6739741563796997,"z":-0.3295808434486389,"w":-0.5939726829528809},"size":22.320947647094728,"orthographic":false}