{"cameraMode":{"drawMode":0,"name":"Shaded","section":"Shading Mode"},"sceneLighting":false,"audioPlay":false,"sceneViewState":{"showFog":true,"showMaterialUpdate":false,"showSkybox":false,"showFlares":true,"showImageEffects":true,"showParticleSystems":true},"in2DMode":false,"pivot":{"x":1.948775291442871,"y":-0.7642605304718018,"z":-1.5484039783477784},"rotation":{"x":0.019468512386083604,"y":0.9230319261550903,"z":-0.04711415246129036,"w":0.3813556730747223},"size":7.189143180847168,"orthographic":true}